OrderID,OrderDate,Region,Segment,Product,Category,Quantity,Sales,COGS,Profit
1,2023-01-01,South,Consumer,Watch,Accessories,5,959.92,463.21,496.71
2,2023-01-01,North,Consumer,Watch,Accessories,4,546.08,243.0,303.08
3,2023-01-02,West,Corporate,Jacket,Apparel,6,855.53,350.14,505.39
4,2023-01-03,South,Corporate,Headphones,Electronics,6,234.55,113.18,121.37
5,2023-01-03,North,Home Office,Backpack,Accessories,3,529.7,281.3,248.4
6,2023-01-04,North,Consumer,Shoes,Apparel,3,626.8,417.82,208.98
7,2023-01-05,South,Consumer,Watch,Accessories,2,221.22,94.96,126.26
8,2023-01-06,South,Home Office,Headphones,Electronics,7,379.44,168.45,210.99
9,2023-01-06,West,Consumer,Shoes,Apparel,4,604.31,251.08,353.23
10,2023-01-07,West,Corporate,Headphones,Electronics,4,801.78,433.18,368.6
11,2023-01-08,South,Corporate,Coffee Maker,Home,4,56.95,44.37,12.58
12,2023-01-09,West,Home Office,Coffee Maker,Home,9,878.18,480.31,397.87
13,2023-01-09,West,Home Office,Coffee Maker,Home,5,403.89,232.2,171.69
14,2023-01-10,South,Consumer,Jacket,Apparel,9,440.97,232.14,208.83
15,2023-01-11,North,Consumer,Backpack,Accessories,8,966.59,419.06,547.53
16,2023-01-11,North,Home Office,Laptop,Electronics,1,254.48,102.42,152.06
17,2023-01-12,East,Corporate,Jacket,Apparel,7,880.23,657.59,222.64
18,2023-01-13,South,Corporate,Headphones,Electronics,1,156.73,123.57,33.16
19,2023-01-14,East,Home Office,Jacket,Apparel,8,457.57,320.75,136.82
20,2023-01-14,East,Home Office,Coffee Maker,Home,3,1066.91,653.48,413.43
21,2023-01-15,West,Home Office,Laptop,Electronics,9,871.64,441.22,430.42
22,2023-01-16,East,Home Office,Watch,Accessories,7,524.5,215.8,308.7
23,2023-01-17,West,Consumer,Laptop,Electronics,7,390.94,245.85,145.09
24,2023-01-17,South,Consumer,Watch,Accessories,7,504.25,373.14,131.11
25,2023-01-18,West,Consumer,Smartphone,Electronics,9,839.85,668.7,171.15
26,2023-01-19,South,Corporate,Backpack,Accessories,7,1048.32,798.46,249.86
27,2023-01-19,East,Consumer,Shoes,Apparel,9,440.43,355.9,84.53
28,2023-01-20,West,Home Office,Shoes,Apparel,9,436.03,234.21,201.82
29,2023-01-21,South,Home Office,Coffee Maker,Home,6,282.09,128.05,154.04
30,2023-01-22,East,Corporate,Jacket,Apparel,1,632.17,452.86,179.31
31,2023-01-22,West,Home Office,Headphones,Electronics,1,1155.69,593.22,562.47
32,2023-01-23,East,Corporate,Backpack,Accessories,2,356.11,148.36,207.75
33,2023-01-24,East,Consumer,Shoes,Apparel,3,80.74,42.42,38.32
34,2023-01-25,South,Corporate,Coffee Maker,Home,7,190.98,118.46,72.52
35,2023-01-25,East,Home Office,Shoes,Apparel,6,115.41,65.36,50.05
36,2023-01-26,West,Home Office,Jacket,Apparel,1,574.95,484.42,90.53
37,2023-01-27,East,Home Office,Laptop,Electronics,4,398.52,192.86,205.66
38,2023-01-28,North,Home Office,Shoes,Apparel,3,819.53,333.93,485.6
39,2023-01-28,East,Home Office,Shoes,Apparel,2,781.3,373.82,407.48
40,2023-01-29,East,Corporate,Jacket,Apparel,7,182.27,100.88,81.39
41,2023-01-30,South,Corporate,Watch,Accessories,9,1055.26,544.59,510.67
42,2023-01-30,South,Corporate,Shoes,Apparel,5,644.99,328.19,316.8
43,2023-01-31,East,Home Office,Backpack,Accessories,3,1061.51,514.75,546.76
44,2023-02-01,West,Consumer,Jacket,Apparel,8,1019.06,800.31,218.75
45,2023-02-02,West,Corporate,Shoes,Apparel,3,119.29,56.39,62.9
46,2023-02-02,East,Corporate,Jacket,Apparel,2,139.74,97.62,42.12
47,2023-02-03,East,Consumer,Headphones,Electronics,4,836.44,579.97,256.47
48,2023-02-04,South,Home Office,Laptop,Electronics,3,602.79,289.62,313.17
49,2023-02-05,North,Home Office,Laptop,Electronics,6,383.51,247.04,136.47
50,2023-02-05,West,Consumer,Watch,Accessories,3,315.54,209.97,105.57
51,2023-02-06,East,Corporate,Coffee Maker,Home,1,1089.2,648.59,440.61
52,2023-02-07,South,Consumer,Shoes,Apparel,3,809.33,638.46,170.87
53,2023-02-07,East,Corporate,Shoes,Apparel,5,48.69,33.62,15.07
54,2023-02-08,South,Consumer,Coffee Maker,Home,1,456.79,185.89,270.9
55,2023-02-09,East,Home Office,Coffee Maker,Home,5,1160.65,967.55,193.1
56,2023-02-10,South,Corporate,Jacket,Apparel,9,1024.34,555.82,468.52
57,2023-02-10,South,Corporate,Headphones,Electronics,8,1124.66,802.12,322.54
58,2023-02-11,West,Home Office,Headphones,Electronics,2,745.71,630.52,115.19
59,2023-02-12,North,Corporate,Headphones,Electronics,7,894.11,638.09,256.02
60,2023-02-13,West,Consumer,Backpack,Accessories,8,369.88,217.82,152.06
61,2023-02-13,South,Consumer,Backpack,Accessories,4,116.28,46.78,69.5
62,2023-02-14,West,Home Office,Laptop,Electronics,7,103.71,60.0,43.71
63,2023-02-15,North,Home Office,Watch,Accessories,6,463.19,204.87,258.32
64,2023-02-16,East,Corporate,Smartphone,Electronics,6,569.41,366.81,202.6
65,2023-02-16,West,Home Office,Laptop,Electronics,5,64.07,49.34,14.73
66,2023-02-17,South,Consumer,Laptop,Electronics,7,996.89,520.57,476.32
67,2023-02-18,West,Home Office,Shoes,Apparel,3,1013.59,494.1,519.49
68,2023-02-18,West,Corporate,Watch,Accessories,3,183.26,84.25,99.01
69,2023-02-19,West,Home Office,Laptop,Electronics,5,490.61,291.95,198.66
70,2023-02-20,East,Consumer,Headphones,Electronics,1,1155.93,897.22,258.71
71,2023-02-21,South,Corporate,Headphones,Electronics,6,1099.95,658.93,441.02
72,2023-02-21,East,Consumer,Jacket,Apparel,7,235.78,193.48,42.3
73,2023-02-22,North,Home Office,Jacket,Apparel,3,674.14,455.23,218.91
74,2023-02-23,South,Consumer,Backpack,Accessories,1,161.79,89.61,72.18
75,2023-02-24,South,Corporate,Coffee Maker,Home,5,1029.44,737.74,291.7
76,2023-02-24,East,Home Office,Watch,Accessories,6,428.64,261.09,167.55
77,2023-02-25,West,Corporate,Backpack,Accessories,3,1066.28,551.7,514.58
78,2023-02-26,East,Home Office,Headphones,Electronics,2,611.23,392.85,218.38
79,2023-02-26,South,Corporate,Laptop,Electronics,3,1043.29,716.1,327.19
80,2023-02-27,North,Consumer,Shoes,Apparel,3,171.63,131.3,40.33
81,2023-02-28,South,Consumer,Laptop,Electronics,2,1154.2,931.91,222.29
82,2023-03-01,East,Corporate,Backpack,Accessories,8,131.44,92.97,38.47
83,2023-03-01,West,Home Office,Backpack,Accessories,9,1016.95,417.43,599.52
84,2023-03-02,East,Home Office,Watch,Accessories,8,159.43,113.76,45.67
85,2023-03-03,South,Corporate,Shoes,Apparel,5,513.18,428.72,84.46
86,2023-03-04,North,Corporate,Laptop,Electronics,1,690.85,455.38,235.47
87,2023-03-04,South,Consumer,Watch,Accessories,1,705.04,557.12,147.92
88,2023-03-05,East,Corporate,Watch,Accessories,1,906.03,670.05,235.98
89,2023-03-06,West,Consumer,Laptop,Electronics,3,616.2,475.65,140.55
90,2023-03-07,North,Consumer,Laptop,Electronics,7,83.11,69.09,14.02
91,2023-03-07,North,Corporate,Shoes,Apparel,5,1141.07,944.55,196.52
92,2023-03-08,North,Consumer,Backpack,Accessories,4,365.99,200.53,165.46
93,2023-03-09,East,Consumer,Backpack,Accessories,7,954.06,720.63,233.43
94,2023-03-09,North,Consumer,Coffee Maker,Home,2,668.44,400.19,268.25
95,2023-03-10,South,Consumer,Watch,Accessories,6,188.73,140.17,48.56
96,2023-03-11,East,Corporate,Watch,Accessories,2,522.79,261.48,261.31
97,2023-03-12,South,Consumer,Backpack,Accessories,1,625.72,315.96,309.76
98,2023-03-12,East,Consumer,Coffee Maker,Home,4,979.1,808.99,170.11
99,2023-03-13,East,Corporate,Shoes,Apparel,7,463.99,203.03,260.96
100,2023-03-14,West,Home Office,Smartphone,Electronics,2,313.49,171.98,141.51
101,2023-03-15,South,Consumer,Shoes,Apparel,9,694.34,509.26,185.08
102,2023-03-15,West,Consumer,Watch,Accessories,1,900.33,596.48,303.85
103,2023-03-16,West,Corporate,Laptop,Electronics,5,1044.95,523.12,521.83
104,2023-03-17,East,Home Office,Jacket,Apparel,3,642.69,544.25,98.44
105,2023-03-17,East,Corporate,Shoes,Apparel,1,109.01,51.76,57.25
106,2023-03-18,North,Consumer,Backpack,Accessories,8,842.37,482.59,359.78
107,2023-03-19,South,Corporate,Coffee Maker,Home,4,557.67,378.69,178.98
108,2023-03-20,South,Consumer,Headphones,Electronics,9,478.16,240.62,237.54
109,2023-03-20,East,Consumer,Shoes,Apparel,1,1183.73,845.39,338.34
110,2023-03-21,East,Consumer,Backpack,Accessories,3,980.28,694.16,286.12
111,2023-03-22,East,Home Office,Backpack,Accessories,9,1129.83,663.76,466.07
112,2023-03-23,North,Consumer,Headphones,Electronics,5,117.64,93.46,24.18
113,2023-03-23,West,Home Office,Watch,Accessories,1,505.28,378.92,126.36
114,2023-03-24,West,Home Office,Smartphone,Electronics,1,721.07,412.02,309.05
115,2023-03-25,North,Consumer,Backpack,Accessories,5,94.94,39.55,55.39
116,2023-03-26,East,Home Office,Jacket,Apparel,5,108.92,77.47,31.45
117,2023-03-26,East,Consumer,Coffee Maker,Home,3,1097.54,728.02,369.52
118,2023-03-27,East,Home Office,Laptop,Electronics,4,304.48,149.89,154.59
119,2023-03-28,West,Home Office,Coffee Maker,Home,8,1056.3,782.35,273.95
120,2023-03-28,West,Home Office,Watch,Accessories,2,812.46,515.21,297.25
121,2023-03-29,West,Corporate,Shoes,Apparel,9,983.34,821.67,161.67
122,2023-03-30,North,Consumer,Laptop,Electronics,5,178.14,73.56,104.58
123,2023-03-31,West,Corporate,Coffee Maker,Home,6,850.81,421.86,428.95
124,2023-03-31,North,Home Office,Headphones,Electronics,2,716.1,412.84,303.26
125,2023-04-01,North,Corporate,Shoes,Apparel,7,665.99,401.53,264.46
126,2023-04-02,South,Corporate,Headphones,Electronics,8,1037.59,858.38,179.21
127,2023-04-03,South,Consumer,Laptop,Electronics,2,600.7,310.09,290.61
128,2023-04-03,North,Home Office,Coffee Maker,Home,3,601.29,329.47,271.82
129,2023-04-04,North,Home Office,Watch,Accessories,6,172.08,78.75,93.33
130,2023-04-05,South,Consumer,Jacket,Apparel,3,776.23,374.02,402.21
131,2023-04-05,West,Consumer,Jacket,Apparel,3,579.27,405.72,173.55
132,2023-04-06,West,Consumer,Smartphone,Electronics,6,989.71,549.57,440.14
133,2023-04-07,South,Corporate,Backpack,Accessories,2,667.48,427.51,239.97
134,2023-04-08,East,Corporate,Laptop,Electronics,9,614.03,436.38,177.65
135,2023-04-08,West,Home Office,Watch,Accessories,1,760.92,332.36,428.56
136,2023-04-09,North,Consumer,Headphones,Electronics,4,1044.6,457.57,587.03
137,2023-04-10,West,Corporate,Watch,Accessories,7,653.18,532.88,120.3
138,2023-04-11,West,Home Office,Coffee Maker,Home,8,565.79,416.63,149.16
139,2023-04-11,West,Home Office,Smartphone,Electronics,2,861.75,691.85,169.9
140,2023-04-12,South,Consumer,Headphones,Electronics,7,437.89,253.42,184.47
141,2023-04-13,East,Home Office,Backpack,Accessories,6,235.09,153.7,81.39
142,2023-04-14,East,Consumer,Headphones,Electronics,4,651.7,329.07,322.63
143,2023-04-14,North,Home Office,Headphones,Electronics,6,951.22,593.85,357.37
144,2023-04-15,South,Home Office,Headphones,Electronics,9,678.14,450.24,227.9
145,2023-04-16,West,Home Office,Backpack,Accessories,8,448.44,309.72,138.72
146,2023-04-16,East,Consumer,Smartphone,Electronics,6,1184.09,796.42,387.67
147,2023-04-17,South,Corporate,Backpack,Accessories,8,200.37,102.33,98.04
148,2023-04-18,North,Consumer,Watch,Accessories,4,1013.93,429.13,584.8
149,2023-04-19,South,Home Office,Jacket,Apparel,4,152.21,88.13,64.08
150,2023-04-19,South,Corporate,Watch,Accessories,3,984.15,507.88,476.27
151,2023-04-20,South,Corporate,Coffee Maker,Home,3,1116.66,726.44,390.22
152,2023-04-21,West,Home Office,Backpack,Accessories,4,928.0,449.31,478.69
153,2023-04-22,East,Corporate,Laptop,Electronics,6,888.77,567.42,321.35
154,2023-04-22,East,Home Office,Backpack,Accessories,3,617.2,505.74,111.46
155,2023-04-23,East,Home Office,Laptop,Electronics,2,455.69,275.43,180.26
156,2023-04-24,North,Consumer,Backpack,Accessories,9,827.79,363.85,463.94
157,2023-04-24,West,Home Office,Laptop,Electronics,3,157.7,96.66,61.04
158,2023-04-25,South,Corporate,Coffee Maker,Home,5,145.91,114.22,31.69
159,2023-04-26,North,Home Office,Jacket,Apparel,1,1189.3,585.43,603.87
160,2023-04-27,East,Home Office,Jacket,Apparel,9,871.48,367.45,504.03
161,2023-04-27,East,Consumer,Backpack,Accessories,5,257.92,122.16,135.76
162,2023-04-28,South,Consumer,Smartphone,Electronics,9,804.93,511.44,293.49
163,2023-04-29,West,Home Office,Headphones,Electronics,6,983.59,587.8,395.79
164,2023-04-30,East,Consumer,Laptop,Electronics,1,902.18,564.97,337.21
165,2023-04-30,South,Home Office,Watch,Accessories,7,472.99,304.89,168.1
166,2023-05-01,North,Corporate,Smartphone,Electronics,4,529.2,290.94,238.26
167,2023-05-02,West,Home Office,Watch,Accessories,4,1056.78,658.31,398.47
168,2023-05-03,East,Home Office,Backpack,Accessories,7,198.98,107.5,91.48
169,2023-05-03,West,Consumer,Laptop,Electronics,1,59.57,39.1,20.47
170,2023-05-04,South,Consumer,Coffee Maker,Home,8,989.08,444.87,544.21
171,2023-05-05,East,Consumer,Shoes,Apparel,4,488.8,370.89,117.91
172,2023-05-05,North,Home Office,Shoes,Apparel,4,930.82,377.44,553.38
173,2023-05-06,South,Home Office,Shoes,Apparel,8,865.09,579.23,285.86
174,2023-05-07,West,Corporate,Coffee Maker,Home,8,288.27,170.26,118.01
175,2023-05-08,South,Home Office,Coffee Maker,Home,4,138.94,71.58,67.36
176,2023-05-08,South,Home Office,Jacket,Apparel,1,842.05,686.38,155.67
177,2023-05-09,North,Consumer,Shoes,Apparel,8,461.83,199.06,262.77
178,2023-05-10,West,Consumer,Laptop,Electronics,5,1112.17,670.5,441.67
179,2023-05-11,East,Consumer,Headphones,Electronics,6,1009.9,460.61,549.29
180,2023-05-11,North,Consumer,Watch,Accessories,5,288.33,194.21,94.12
181,2023-05-12,West,Consumer,Laptop,Electronics,3,262.58,198.12,64.46
182,2023-05-13,West,Corporate,Watch,Accessories,7,509.12,401.48,107.64
183,2023-05-13,South,Home Office,Headphones,Electronics,3,587.39,477.73,109.66
184,2023-05-14,West,Consumer,Coffee Maker,Home,8,228.14,142.42,85.72
185,2023-05-15,West,Corporate,Laptop,Electronics,2,447.62,296.0,151.62
186,2023-05-16,East,Consumer,Backpack,Accessories,4,627.9,526.8,101.1
187,2023-05-16,South,Consumer,Coffee Maker,Home,7,1035.55,663.56,371.99
188,2023-05-17,North,Home Office,Laptop,Electronics,8,385.73,223.26,162.47
189,2023-05-18,East,Consumer,Smartphone,Electronics,8,432.28,264.0,168.28
190,2023-05-19,North,Corporate,Smartphone,Electronics,2,97.54,73.06,24.48
191,2023-05-19,West,Home Office,Coffee Maker,Home,4,540.1,313.44,226.66
192,2023-05-20,North,Corporate,Laptop,Electronics,3,414.55,179.9,234.65
193,2023-05-21,North,Corporate,Coffee Maker,Home,7,641.36,487.65,153.71
194,2023-05-22,North,Home Office,Backpack,Accessories,8,501.42,325.06,176.36
195,2023-05-22,North,Consumer,Coffee Maker,Home,8,420.34,275.85,144.49
196,2023-05-23,South,Corporate,Headphones,Electronics,4,970.27,819.81,150.46
197,2023-05-24,North,Home Office,Shoes,Apparel,2,808.34,397.9,410.44
198,2023-05-24,East,Home Office,Watch,Accessories,3,767.22,560.96,206.26
199,2023-05-25,East,Home Office,Shoes,Apparel,5,778.65,558.12,220.53
200,2023-05-26,North,Home Office,Shoes,Apparel,7,416.32,321.11,95.21
201,2023-05-27,South,Corporate,Shoes,Apparel,9,1000.17,555.43,444.74
202,2023-05-27,West,Corporate,Headphones,Electronics,8,1036.06,516.77,519.29
203,2023-05-28,West,Home Office,Laptop,Electronics,1,1044.79,647.08,397.71
204,2023-05-29,South,Corporate,Headphones,Electronics,9,46.51,24.23,22.28
205,2023-05-30,West,Corporate,Watch,Accessories,2,277.27,191.39,85.88
206,2023-05-30,South,Consumer,Watch,Accessories,4,826.16,636.28,189.88
207,2023-05-31,East,Corporate,Laptop,Electronics,7,343.39,222.99,120.4
208,2023-06-01,East,Home Office,Backpack,Accessories,6,32.98,15.22,17.76
209,2023-06-01,East,Consumer,Smartphone,Electronics,7,724.95,485.89,239.06
210,2023-06-02,South,Corporate,Headphones,Electronics,2,1099.01,646.71,452.3
211,2023-06-03,East,Home Office,Shoes,Apparel,5,1151.18,555.98,595.2
212,2023-06-04,East,Home Office,Smartphone,Electronics,7,360.66,201.99,158.67
213,2023-06-04,North,Corporate,Jacket,Apparel,6,688.36,422.81,265.55
214,2023-06-05,North,Home Office,Backpack,Accessories,3,590.83,308.09,282.74
215,2023-06-06,East,Home Office,Shoes,Apparel,2,80.68,50.29,30.39
216,2023-06-07,East,Consumer,Laptop,Electronics,1,929.68,416.47,513.21
217,2023-06-07,East,Home Office,Laptop,Electronics,3,851.81,570.06,281.75
218,2023-06-08,North,Corporate,Smartphone,Electronics,6,111.76,44.82,66.94
219,2023-06-09,North,Home Office,Headphones,Electronics,1,141.65,76.71,64.94
220,2023-06-10,East,Home Office,Backpack,Accessories,8,952.22,676.79,275.43
221,2023-06-10,North,Consumer,Smartphone,Electronics,6,884.03,674.47,209.56
222,2023-06-11,East,Home Office,Jacket,Apparel,9,1022.05,523.65,498.4
223,2023-06-12,South,Home Office,Backpack,Accessories,1,810.5,340.31,470.19
224,2023-06-12,North,Corporate,Watch,Accessories,5,675.85,414.26,261.59
225,2023-06-13,West,Home Office,Watch,Accessories,7,370.87,302.62,68.25
226,2023-06-14,North,Home Office,Backpack,Accessories,2,579.57,456.65,122.92
227,2023-06-15,North,Home Office,Smartphone,Electronics,2,998.12,415.87,582.25
228,2023-06-15,North,Home Office,Smartphone,Electronics,7,841.62,465.37,376.25
229,2023-06-16,West,Consumer,Watch,Accessories,2,968.69,622.17,346.52
230,2023-06-17,West,Corporate,Laptop,Electronics,7,1065.45,721.46,343.99
231,2023-06-18,North,Consumer,Smartphone,Electronics,2,1046.72,428.71,618.01
232,2023-06-18,West,Consumer,Jacket,Apparel,1,1120.46,483.49,636.97
233,2023-06-19,South,Home Office,Backpack,Accessories,9,64.36,39.64,24.72
234,2023-06-20,South,Consumer,Headphones,Electronics,1,128.21,70.69,57.52
235,2023-06-20,South,Corporate,Coffee Maker,Home,2,23.95,14.62,9.33
236,2023-06-21,South,Consumer,Shoes,Apparel,5,864.35,574.88,289.47
237,2023-06-22,East,Home Office,Coffee Maker,Home,5,73.22,32.89,40.33
238,2023-06-23,North,Home Office,Backpack,Accessories,8,325.6,216.47,109.13
239,2023-06-23,North,Home Office,Smartphone,Electronics,8,1086.39,918.14,168.25
240,2023-06-24,North,Consumer,Shoes,Apparel,2,1008.63,508.1,500.53
241,2023-06-25,North,Corporate,Laptop,Electronics,5,280.17,135.57,144.6
242,2023-06-26,East,Home Office,Backpack,Accessories,4,763.14,379.54,383.6
243,2023-06-26,North,Corporate,Headphones,Electronics,2,639.54,330.71,308.83
244,2023-06-27,North,Corporate,Coffee Maker,Home,8,1195.68,961.14,234.54
245,2023-06-28,West,Consumer,Backpack,Accessories,2,653.63,435.86,217.77
246,2023-06-29,South,Consumer,Smartphone,Electronics,9,1055.4,548.3,507.1
247,2023-06-29,East,Home Office,Smartphone,Electronics,8,1147.67,904.32,243.35
248,2023-06-30,South,Home Office,Laptop,Electronics,6,670.01,294.23,375.78
249,2023-07-01,West,Corporate,Jacket,Apparel,5,840.94,354.84,486.1
250,2023-07-01,East,Consumer,Shoes,Apparel,2,149.17,119.71,29.46
251,2023-07-02,North,Corporate,Jacket,Apparel,3,1061.83,671.33,390.5
252,2023-07-03,East,Consumer,Jacket,Apparel,1,801.29,516.59,284.7
253,2023-07-04,South,Consumer,Coffee Maker,Home,9,635.09,502.15,132.94
254,2023-07-04,West,Home Office,Backpack,Accessories,6,1007.68,719.34,288.34
255,2023-07-05,West,Consumer,Shoes,Apparel,3,207.15,164.97,42.18
256,2023-07-06,North,Consumer,Watch,Accessories,7,994.46,455.45,539.01
257,2023-07-07,East,Consumer,Watch,Accessories,7,21.32,13.86,7.46
258,2023-07-07,East,Consumer,Headphones,Electronics,1,358.7,243.06,115.64
259,2023-07-08,South,Consumer,Jacket,Apparel,3,326.57,223.8,102.77
260,2023-07-09,West,Consumer,Jacket,Apparel,2,146.24,108.58,37.66
261,2023-07-09,East,Consumer,Watch,Accessories,6,482.74,232.09,250.65
262,2023-07-10,South,Home Office,Shoes,Apparel,1,225.03,168.07,56.96
263,2023-07-11,East,Corporate,Shoes,Apparel,8,99.47,65.85,33.62
264,2023-07-12,North,Consumer,Smartphone,Electronics,4,1025.85,867.42,158.43
265,2023-07-12,North,Consumer,Smartphone,Electronics,1,173.5,128.6,44.9
266,2023-07-13,North,Corporate,Coffee Maker,Home,7,458.76,352.54,106.22
267,2023-07-14,South,Consumer,Headphones,Electronics,3,207.55,126.78,80.77
268,2023-07-15,East,Consumer,Backpack,Accessories,4,1027.97,654.98,372.99
269,2023-07-15,West,Home Office,Jacket,Apparel,3,117.21,82.78,34.43
270,2023-07-16,East,Consumer,Laptop,Electronics,5,1156.62,478.94,677.68
271,2023-07-17,East,Home Office,Smartphone,Electronics,1,1158.13,859.38,298.75
272,2023-07-18,East,Home Office,Headphones,Electronics,1,1075.04,541.26,533.78
273,2023-07-18,South,Home Office,Laptop,Electronics,8,863.61,564.14,299.47
274,2023-07-19,East,Home Office,Shoes,Apparel,2,238.92,188.96,49.96
275,2023-07-20,South,Consumer,Shoes,Apparel,8,41.08,31.16,9.92
276,2023-07-20,North,Consumer,Shoes,Apparel,7,1161.66,561.61,600.05
277,2023-07-21,East,Corporate,Laptop,Electronics,9,736.62,376.7,359.92
278,2023-07-22,East,Corporate,Shoes,Apparel,8,95.77,63.39,32.38
279,2023-07-23,South,Consumer,Jacket,Apparel,2,386.23,233.61,152.62
280,2023-07-23,North,Corporate,Coffee Maker,Home,9,483.14,297.6,185.54
281,2023-07-24,North,Corporate,Laptop,Electronics,3,1144.13,925.05,219.08
282,2023-07-25,West,Home Office,Jacket,Apparel,6,192.19,85.77,106.42
283,2023-07-26,South,Corporate,Coffee Maker,Home,1,268.21,149.05,119.16
284,2023-07-26,West,Consumer,Headphones,Electronics,4,650.41,518.47,131.94
285,2023-07-27,North,Corporate,Headphones,Electronics,2,488.37,224.51,263.86
286,2023-07-28,East,Home Office,Watch,Accessories,3,256.18,121.78,134.4
287,2023-07-28,North,Home Office,Smartphone,Electronics,9,57.27,47.04,10.23
288,2023-07-29,South,Corporate,Headphones,Electronics,4,1123.54,928.39,195.15
289,2023-07-30,North,Corporate,Coffee Maker,Home,6,742.46,458.82,283.64
290,2023-07-31,South,Corporate,Headphones,Electronics,2,587.47,245.76,341.71
291,2023-07-31,East,Consumer,Coffee Maker,Home,3,720.07,498.74,221.33
292,2023-08-01,East,Consumer,Headphones,Electronics,7,408.24,249.67,158.57
293,2023-08-02,West,Corporate,Backpack,Accessories,2,797.28,497.65,299.63
294,2023-08-03,East,Home Office,Smartphone,Electronics,3,289.58,245.67,43.91
295,2023-08-03,East,Corporate,Shoes,Apparel,1,255.46,180.38,75.08
296,2023-08-04,North,Corporate,Watch,Accessories,8,565.9,447.47,118.43
297,2023-08-05,West,Corporate,Shoes,Apparel,1,761.94,556.91,205.03
298,2023-08-06,East,Corporate,Smartphone,Electronics,4,702.84,419.86,282.98
299,2023-08-06,North,Corporate,Headphones,Electronics,3,725.31,548.94,176.37
300,2023-08-07,North,Consumer,Smartphone,Electronics,2,354.95,199.35,155.6
301,2023-08-08,West,Corporate,Jacket,Apparel,7,1006.48,509.39,497.09
302,2023-08-08,North,Consumer,Headphones,Electronics,5,300.3,251.39,48.91
303,2023-08-09,South,Consumer,Coffee Maker,Home,8,600.89,307.21,293.68
304,2023-08-10,West,Consumer,Watch,Accessories,9,443.9,296.0,147.9
305,2023-08-11,East,Home Office,Laptop,Electronics,1,490.87,385.87,105.0
306,2023-08-11,North,Home Office,Jacket,Apparel,3,726.48,420.27,306.21
307,2023-08-12,West,Corporate,Coffee Maker,Home,9,220.31,139.65,80.66
308,2023-08-13,South,Consumer,Laptop,Electronics,9,550.33,365.72,184.61
309,2023-08-14,North,Consumer,Jacket,Apparel,5,443.92,253.35,190.57
310,2023-08-14,South,Home Office,Shoes,Apparel,6,580.06,452.38,127.68
311,2023-08-15,West,Corporate,Shoes,Apparel,9,657.09,272.94,384.15
312,2023-08-16,East,Home Office,Watch,Accessories,3,292.73,123.9,168.83
313,2023-08-16,East,Consumer,Coffee Maker,Home,3,232.41,102.23,130.18
314,2023-08-17,West,Home Office,Coffee Maker,Home,2,832.09,481.63,350.46
315,2023-08-18,North,Home Office,Laptop,Electronics,2,774.16,612.02,162.14
316,2023-08-19,South,Corporate,Watch,Accessories,4,806.9,373.47,433.43
317,2023-08-19,South,Corporate,Jacket,Apparel,5,1128.99,823.94,305.05
318,2023-08-20,West,Consumer,Laptop,Electronics,6,882.38,414.96,467.42
319,2023-08-21,West,Home Office,Watch,Accessories,2,837.3,650.71,186.59
320,2023-08-22,South,Consumer,Headphones,Electronics,8,749.06,592.51,156.55
321,2023-08-22,North,Home Office,Laptop,Electronics,5,833.64,587.24,246.4
322,2023-08-23,South,Corporate,Jacket,Apparel,2,788.45,353.2,435.25
323,2023-08-24,East,Consumer,Jacket,Apparel,9,76.89,64.57,12.32
324,2023-08-25,South,Corporate,Backpack,Accessories,6,689.08,504.61,184.47
325,2023-08-25,West,Corporate,Coffee Maker,Home,9,1112.3,664.24,448.06
326,2023-08-26,South,Corporate,Watch,Accessories,6,533.99,410.12,123.87
327,2023-08-27,South,Corporate,Watch,Accessories,7,26.8,14.63,12.17
328,2023-08-27,East,Consumer,Watch,Accessories,1,840.65,483.25,357.4
329,2023-08-28,West,Home Office,Jacket,Apparel,3,460.44,231.27,229.17
330,2023-08-29,West,Consumer,Jacket,Apparel,3,808.49,548.78,259.71
331,2023-08-30,West,Consumer,Backpack,Accessories,9,1038.73,658.13,380.6
332,2023-08-30,North,Home Office,Shoes,Apparel,7,195.81,124.73,71.08
333,2023-08-31,North,Consumer,Coffee Maker,Home,5,901.31,650.72,250.59
334,2023-09-01,East,Home Office,Watch,Accessories,9,528.42,424.6,103.82
335,2023-09-02,East,Consumer,Shoes,Apparel,6,1113.9,475.77,638.13
336,2023-09-02,South,Consumer,Smartphone,Electronics,4,139.68,86.41,53.27
337,2023-09-03,North,Corporate,Coffee Maker,Home,4,382.6,291.3,91.3
338,2023-09-04,South,Corporate,Coffee Maker,Home,9,865.06,452.15,412.91
339,2023-09-04,West,Home Office,Coffee Maker,Home,7,233.76,165.15,68.61
340,2023-09-05,West,Corporate,Watch,Accessories,7,146.11,95.74,50.37
341,2023-09-06,West,Home Office,Coffee Maker,Home,7,669.27,280.78,388.49
342,2023-09-07,East,Corporate,Coffee Maker,Home,9,986.64,787.23,199.41
343,2023-09-07,East,Corporate,Watch,Accessories,8,740.96,433.43,307.53
344,2023-09-08,East,Corporate,Jacket,Apparel,8,437.04,221.4,215.64
345,2023-09-09,East,Corporate,Smartphone,Electronics,3,1024.39,719.27,305.12
346,2023-09-10,East,Home Office,Shoes,Apparel,1,196.65,116.18,80.47
347,2023-09-10,East,Consumer,Smartphone,Electronics,6,1045.73,640.82,404.91
348,2023-09-11,North,Home Office,Jacket,Apparel,9,388.48,195.64,192.84
349,2023-09-12,East,Corporate,Coffee Maker,Home,3,765.78,326.46,439.32
350,2023-09-13,West,Consumer,Watch,Accessories,7,840.27,488.99,351.28
351,2023-09-13,South,Corporate,Laptop,Electronics,3,837.07,708.22,128.85
352,2023-09-14,North,Consumer,Shoes,Apparel,4,874.72,577.55,297.17
353,2023-09-15,East,Consumer,Jacket,Apparel,6,781.44,522.07,259.37
354,2023-09-15,South,Corporate,Laptop,Electronics,5,748.24,448.26,299.98
355,2023-09-16,West,Corporate,Shoes,Apparel,3,295.78,190.19,105.59
356,2023-09-17,West,Corporate,Coffee Maker,Home,2,292.38,177.06,115.32
357,2023-09-18,North,Corporate,Watch,Accessories,7,466.6,262.85,203.75
358,2023-09-18,West,Consumer,Coffee Maker,Home,9,413.61,273.48,140.13
359,2023-09-19,East,Home Office,Watch,Accessories,1,652.28,289.29,362.99
360,2023-09-20,South,Corporate,Jacket,Apparel,7,804.6,609.85,194.75
361,2023-09-21,South,Consumer,Shoes,Apparel,9,1169.51,478.34,691.17
362,2023-09-21,West,Home Office,Coffee Maker,Home,1,634.73,432.01,202.72
363,2023-09-22,West,Consumer,Backpack,Accessories,4,994.76,747.97,246.79
364,2023-09-23,East,Consumer,Laptop,Electronics,2,288.28,159.64,128.64
365,2023-09-23,North,Corporate,Smartphone,Electronics,7,302.09,190.13,111.96
366,2023-09-24,North,Corporate,Headphones,Electronics,6,728.7,460.58,268.12
367,2023-09-25,North,Consumer,Shoes,Apparel,6,1024.68,506.02,518.66
368,2023-09-26,West,Corporate,Headphones,Electronics,6,760.98,535.3,225.68
369,2023-09-26,East,Home Office,Smartphone,Electronics,5,952.24,511.45,440.79
370,2023-09-27,West,Corporate,Smartphone,Electronics,4,224.76,160.19,64.57
371,2023-09-28,East,Consumer,Headphones,Electronics,6,776.35,597.88,178.47
372,2023-09-29,West,Corporate,Laptop,Electronics,4,1108.85,686.58,422.27
373,2023-09-29,East,Consumer,Smartphone,Electronics,2,1144.3,882.64,261.66
374,2023-09-30,North,Consumer,Jacket,Apparel,4,584.32,366.81,217.51
375,2023-10-01,South,Consumer,Headphones,Electronics,2,347.75,272.34,75.41
376,2023-10-02,East,Home Office,Shoes,Apparel,2,450.46,258.52,191.94
377,2023-10-02,West,Consumer,Headphones,Electronics,8,269.87,166.8,103.07
378,2023-10-03,North,Consumer,Watch,Accessories,9,1180.74,599.38,581.36
379,2023-10-04,South,Consumer,Shoes,Apparel,4,377.86,168.33,209.53
380,2023-10-04,North,Consumer,Shoes,Apparel,4,1196.1,916.56,279.54
381,2023-10-05,North,Consumer,Shoes,Apparel,4,641.91,379.84,262.07
382,2023-10-06,North,Home Office,Watch,Accessories,6,550.75,268.53,282.22
383,2023-10-07,East,Corporate,Coffee Maker,Home,7,228.73,131.33,97.4
384,2023-10-07,West,Home Office,Headphones,Electronics,5,177.89,104.66,73.23
385,2023-10-08,East,Consumer,Headphones,Electronics,5,823.55,399.72,423.83
386,2023-10-09,West,Consumer,Headphones,Electronics,4,304.62,255.62,49.0
387,2023-10-10,North,Consumer,Laptop,Electronics,4,149.49,96.66,52.83
388,2023-10-10,South,Corporate,Jacket,Apparel,4,135.74,84.12,51.62
389,2023-10-11,East,Consumer,Jacket,Apparel,4,890.08,546.69,343.39
390,2023-10-12,East,Consumer,Backpack,Accessories,9,562.15,423.44,138.71
391,2023-10-12,East,Corporate,Jacket,Apparel,1,948.55,514.05,434.5
392,2023-10-13,South,Consumer,Headphones,Electronics,7,1117.78,574.4,543.38
393,2023-10-14,East,Home Office,Headphones,Electronics,1,475.89,286.75,189.14
394,2023-10-15,East,Consumer,Shoes,Apparel,7,551.73,439.79,111.94
395,2023-10-15,North,Home Office,Backpack,Accessories,1,76.44,31.88,44.56
396,2023-10-16,East,Consumer,Backpack,Accessories,4,966.51,432.43,534.08
397,2023-10-17,South,Home Office,Backpack,Accessories,4,477.36,290.18,187.18
398,2023-10-18,North,Home Office,Watch,Accessories,5,1131.93,852.04,279.89
399,2023-10-18,South,Corporate,Backpack,Accessories,6,799.16,594.55,204.61
400,2023-10-19,North,Consumer,Watch,Accessories,9,116.96,97.72,19.24
401,2023-10-20,South,Corporate,Headphones,Electronics,4,807.47,326.78,480.69
402,2023-10-21,North,Corporate,Coffee Maker,Home,2,101.72,84.62,17.1
403,2023-10-21,South,Corporate,Headphones,Electronics,6,962.48,511.82,450.66
404,2023-10-22,South,Corporate,Backpack,Accessories,1,707.26,520.99,186.27
405,2023-10-23,South,Home Office,Jacket,Apparel,9,726.27,321.56,404.71
406,2023-10-23,East,Home Office,Headphones,Electronics,1,1132.83,575.83,557.0
407,2023-10-24,West,Home Office,Jacket,Apparel,7,1191.05,836.3,354.75
408,2023-10-25,East,Consumer,Laptop,Electronics,5,324.95,209.53,115.42
409,2023-10-26,North,Home Office,Coffee Maker,Home,6,1013.56,737.69,275.87
410,2023-10-26,East,Consumer,Coffee Maker,Home,2,1181.91,971.32,210.59
411,2023-10-27,North,Corporate,Headphones,Electronics,3,175.44,127.49,47.95
412,2023-10-28,North,Consumer,Watch,Accessories,1,1012.03,738.54,273.49
413,2023-10-29,North,Consumer,Jacket,Apparel,7,742.09,332.21,409.88
414,2023-10-29,North,Corporate,Shoes,Apparel,8,770.82,572.34,198.48
415,2023-10-30,South,Home Office,Laptop,Electronics,2,895.22,713.18,182.04
416,2023-10-31,West,Home Office,Smartphone,Electronics,2,386.9,284.01,102.89
417,2023-10-31,South,Corporate,Laptop,Electronics,6,462.81,297.32,165.49
418,2023-11-01,West,Consumer,Shoes,Apparel,9,899.97,441.99,457.98
419,2023-11-02,North,Corporate,Shoes,Apparel,8,405.78,189.5,216.28
420,2023-11-03,East,Corporate,Smartphone,Electronics,8,1195.67,676.44,519.23
421,2023-11-03,East,Corporate,Coffee Maker,Home,8,719.79,414.73,305.06
422,2023-11-04,South,Consumer,Watch,Accessories,4,23.8,16.16,7.64
423,2023-11-05,West,Home Office,Laptop,Electronics,8,714.08,440.19,273.89
424,2023-11-06,South,Corporate,Backpack,Accessories,8,704.38,459.73,244.65
425,2023-11-06,South,Home Office,Headphones,Electronics,1,727.26,487.97,239.29
426,2023-11-07,East,Corporate,Watch,Accessories,6,110.93,47.29,63.64
427,2023-11-08,South,Consumer,Backpack,Accessories,4,950.57,601.49,349.08
428,2023-11-09,West,Home Office,Coffee Maker,Home,4,407.27,242.45,164.82
429,2023-11-09,North,Consumer,Laptop,Electronics,6,725.91,530.68,195.23
430,2023-11-10,South,Home Office,Backpack,Accessories,6,224.71,154.35,70.36
431,2023-11-11,East,Corporate,Watch,Accessories,5,1010.97,579.01,431.96
432,2023-11-11,North,Consumer,Laptop,Electronics,1,687.35,577.95,109.4
433,2023-11-12,East,Home Office,Coffee Maker,Home,3,1001.4,523.61,477.79
434,2023-11-13,West,Home Office,Backpack,Accessories,5,86.24,67.59,18.65
435,2023-11-14,East,Corporate,Backpack,Accessories,5,564.84,348.17,216.67
436,2023-11-14,North,Home Office,Shoes,Apparel,2,177.51,77.44,100.07
437,2023-11-15,West,Consumer,Smartphone,Electronics,6,535.48,389.98,145.5
438,2023-11-16,North,Consumer,Coffee Maker,Home,4,740.07,341.11,398.96
439,2023-11-17,West,Corporate,Backpack,Accessories,7,101.37,43.15,58.22
440,2023-11-17,West,Corporate,Smartphone,Electronics,9,345.22,260.37,84.85
441,2023-11-18,South,Home Office,Backpack,Accessories,4,336.4,158.23,178.17
442,2023-11-19,South,Corporate,Headphones,Electronics,1,1089.6,504.11,585.49
443,2023-11-19,West,Home Office,Smartphone,Electronics,4,429.87,346.01,83.86
444,2023-11-20,West,Corporate,Jacket,Apparel,8,681.0,559.49,121.51
445,2023-11-21,East,Corporate,Jacket,Apparel,5,756.82,471.13,285.69
446,2023-11-22,East,Home Office,Smartphone,Electronics,3,875.68,425.61,450.07
447,2023-11-22,East,Consumer,Laptop,Electronics,1,1137.5,950.17,187.33
448,2023-11-23,East,Home Office,Headphones,Electronics,6,869.61,511.41,358.2
449,2023-11-24,East,Corporate,Watch,Accessories,9,663.22,557.92,105.3
450,2023-11-25,West,Corporate,Watch,Accessories,6,855.25,551.29,303.96
451,2023-11-25,West,Corporate,Headphones,Electronics,9,591.94,280.93,311.01
452,2023-11-26,North,Consumer,Headphones,Electronics,7,135.12,106.46,28.66
453,2023-11-27,West,Home Office,Coffee Maker,Home,3,362.89,273.67,89.22
454,2023-11-28,South,Home Office,Jacket,Apparel,5,956.91,596.89,360.02
455,2023-11-28,South,Corporate,Shoes,Apparel,8,662.92,491.42,171.5
456,2023-11-29,South,Corporate,Jacket,Apparel,9,1055.84,840.25,215.59
457,2023-11-30,North,Corporate,Jacket,Apparel,9,1182.29,883.65,298.64
458,2023-11-30,East,Corporate,Jacket,Apparel,4,567.44,459.14,108.3
459,2023-12-01,East,Home Office,Smartphone,Electronics,2,144.46,100.48,43.98
460,2023-12-02,South,Corporate,Smartphone,Electronics,8,935.22,779.99,155.23
461,2023-12-03,East,Consumer,Jacket,Apparel,8,440.87,326.63,114.24
462,2023-12-03,West,Corporate,Watch,Accessories,4,778.36,379.94,398.42
463,2023-12-04,North,Consumer,Coffee Maker,Home,3,956.05,518.7,437.35
464,2023-12-05,East,Consumer,Smartphone,Electronics,7,346.75,292.17,54.58
465,2023-12-06,South,Home Office,Jacket,Apparel,5,449.16,327.75,121.41
466,2023-12-06,North,Consumer,Shoes,Apparel,7,962.34,804.03,158.31
467,2023-12-07,East,Consumer,Jacket,Apparel,2,1186.33,733.64,452.69
468,2023-12-08,North,Home Office,Shoes,Apparel,5,1196.55,1006.18,190.37
469,2023-12-08,South,Corporate,Laptop,Electronics,5,129.78,53.63,76.15
470,2023-12-09,South,Corporate,Smartphone,Electronics,2,241.15,189.59,51.56
471,2023-12-10,North,Corporate,Coffee Maker,Home,9,858.09,464.62,393.47
472,2023-12-11,South,Corporate,Backpack,Accessories,5,320.1,246.05,74.05
473,2023-12-11,East,Home Office,Shoes,Apparel,4,994.65,442.9,551.75
474,2023-12-12,West,Home Office,Headphones,Electronics,9,430.57,259.49,171.08
475,2023-12-13,East,Home Office,Watch,Accessories,3,752.7,420.43,332.27
476,2023-12-14,West,Home Office,Laptop,Electronics,8,168.99,119.02,49.97
477,2023-12-14,East,Consumer,Jacket,Apparel,8,102.18,48.91,53.27
478,2023-12-15,South,Corporate,Watch,Accessories,9,349.55,240.94,108.61
479,2023-12-16,North,Consumer,Watch,Accessories,5,380.27,188.5,191.77
480,2023-12-17,South,Consumer,Backpack,Accessories,7,790.73,650.17,140.56
481,2023-12-17,West,Home Office,Laptop,Electronics,1,950.37,664.54,285.83
482,2023-12-18,North,Corporate,Coffee Maker,Home,8,811.46,529.23,282.23
483,2023-12-19,South,Corporate,Coffee Maker,Home,3,563.22,444.41,118.81
484,2023-12-19,South,Consumer,Smartphone,Electronics,9,1172.62,527.47,645.15
485,2023-12-20,North,Corporate,Jacket,Apparel,9,893.09,726.2,166.89
486,2023-12-21,North,Consumer,Smartphone,Electronics,4,1167.88,901.27,266.61
487,2023-12-22,North,Home Office,Backpack,Accessories,9,1156.12,840.5,315.62
488,2023-12-22,South,Corporate,Shoes,Apparel,5,769.41,463.51,305.9
489,2023-12-23,East,Consumer,Backpack,Accessories,8,100.64,52.18,48.46
490,2023-12-24,North,Consumer,Shoes,Apparel,9,375.49,251.3,124.19
491,2023-12-25,West,Consumer,Shoes,Apparel,6,96.1,76.38,19.72
492,2023-12-25,South,Consumer,Laptop,Electronics,1,1187.05,809.31,377.74
493,2023-12-26,South,Corporate,Jacket,Apparel,2,60.91,40.34,20.57
494,2023-12-27,South,Consumer,Backpack,Accessories,3,635.31,272.32,362.99
495,2023-12-27,East,Consumer,Shoes,Apparel,4,155.62,68.82,86.8
496,2023-12-28,East,Consumer,Smartphone,Electronics,7,998.56,794.39,204.17
497,2023-12-29,West,Home Office,Watch,Accessories,9,117.0,94.75,22.25
498,2023-12-30,South,Consumer,Smartphone,Electronics,3,1073.18,643.39,429.79
499,2023-12-30,South,Home Office,Coffee Maker,Home,7,718.2,514.36,203.84
500,2023-12-31,East,Home Office,Shoes,Apparel,6,142.99,81.94,61.05
501,2024-01-01,North,Consumer,Shoes,Apparel,1,1141.63,765.23,376.4
502,2024-01-02,East,Corporate,Jacket,Apparel,1,768.24,331.82,436.42
503,2024-01-02,South,Home Office,Backpack,Accessories,1,577.54,242.88,334.66
504,2024-01-03,South,Corporate,Laptop,Electronics,3,410.99,253.55,157.44
505,2024-01-04,East,Consumer,Jacket,Apparel,6,351.21,173.2,178.01
506,2024-01-05,North,Consumer,Laptop,Electronics,7,29.04,14.48,14.56
507,2024-01-05,West,Home Office,Backpack,Accessories,6,537.48,267.84,269.64
508,2024-01-06,East,Consumer,Coffee Maker,Home,1,347.83,266.96,80.87
509,2024-01-07,North,Consumer,Jacket,Apparel,7,647.29,515.2,132.09
510,2024-01-07,North,Consumer,Backpack,Accessories,1,817.0,343.29,473.71
511,2024-01-08,South,Consumer,Jacket,Apparel,5,517.76,302.87,214.89
512,2024-01-09,East,Corporate,Backpack,Accessories,7,737.33,397.58,339.75
513,2024-01-10,North,Corporate,Shoes,Apparel,7,989.01,396.3,592.71
514,2024-01-10,North,Corporate,Coffee Maker,Home,2,323.98,138.27,185.71
515,2024-01-11,South,Corporate,Headphones,Electronics,5,805.04,611.96,193.08
516,2024-01-12,East,Consumer,Smartphone,Electronics,3,723.66,468.43,255.23
517,2024-01-13,East,Consumer,Watch,Accessories,2,904.82,529.96,374.86
518,2024-01-13,West,Home Office,Smartphone,Electronics,6,720.52,291.49,429.03
519,2024-01-14,South,Corporate,Laptop,Electronics,5,742.84,589.19,153.65
520,2024-01-15,West,Corporate,Headphones,Electronics,1,645.39,498.92,146.47
521,2024-01-15,East,Home Office,Laptop,Electronics,5,518.0,275.97,242.03
522,2024-01-16,East,Home Office,Backpack,Accessories,8,973.47,484.03,489.44
523,2024-01-17,North,Corporate,Laptop,Electronics,4,99.51,57.15,42.36
524,2024-01-18,West,Corporate,Smartphone,Electronics,2,111.59,71.88,39.71
525,2024-01-18,North,Consumer,Jacket,Apparel,7,990.46,778.41,212.05
526,2024-01-19,North,Consumer,Jacket,Apparel,6,1069.79,433.84,635.95
527,2024-01-20,West,Consumer,Shoes,Apparel,7,483.71,307.94,175.77
528,2024-01-21,North,Home Office,Shoes,Apparel,2,72.84,54.11,18.73
529,2024-01-21,North,Corporate,Shoes,Apparel,1,27.92,16.02,11.9
530,2024-01-22,West,Corporate,Laptop,Electronics,1,819.0,550.86,268.14
531,2024-01-23,East,Corporate,Watch,Accessories,8,832.16,385.5,446.66
532,2024-01-24,South,Corporate,Jacket,Apparel,6,616.44,513.99,102.45
533,2024-01-24,West,Corporate,Smartphone,Electronics,5,477.82,225.54,252.28
534,2024-01-25,East,Corporate,Coffee Maker,Home,5,173.46,134.6,38.86
535,2024-01-26,South,Consumer,Smartphone,Electronics,1,1068.32,717.19,351.13
536,2024-01-26,South,Consumer,Backpack,Accessories,6,360.32,299.97,60.35
537,2024-01-27,East,Corporate,Shoes,Apparel,6,1176.53,723.62,452.91
538,2024-01-28,West,Corporate,Backpack,Accessories,3,1003.71,600.42,403.29
539,2024-01-29,South,Consumer,Headphones,Electronics,7,88.02,48.77,39.25
540,2024-01-29,South,Consumer,Shoes,Apparel,3,429.79,284.18,145.61
541,2024-01-30,North,Consumer,Backpack,Accessories,1,758.96,470.56,288.4
542,2024-01-31,East,Corporate,Smartphone,Electronics,3,1058.77,720.53,338.24
543,2024-02-01,East,Consumer,Backpack,Accessories,5,882.37,411.71,470.66
544,2024-02-01,North,Consumer,Shoes,Apparel,2,1090.19,501.02,589.17
545,2024-02-02,West,Consumer,Smartphone,Electronics,6,437.08,265.01,172.07
546,2024-02-03,South,Consumer,Smartphone,Electronics,6,668.2,284.64,383.56
547,2024-02-03,South,Corporate,Laptop,Electronics,7,1139.95,719.09,420.86
548,2024-02-04,West,Home Office,Headphones,Electronics,9,599.87,380.98,218.89
549,2024-02-05,West,Home Office,Smartphone,Electronics,2,701.19,553.6,147.59
550,2024-02-06,South,Home Office,Shoes,Apparel,3,996.47,741.41,255.06
551,2024-02-06,East,Consumer,Jacket,Apparel,1,1195.43,510.16,685.27
552,2024-02-07,North,Corporate,Laptop,Electronics,3,372.15,189.12,183.03
553,2024-02-08,East,Home Office,Smartphone,Electronics,7,56.33,47.16,9.17
554,2024-02-09,West,Home Office,Jacket,Apparel,3,919.86,752.6,167.26
555,2024-02-09,East,Corporate,Coffee Maker,Home,9,642.13,439.63,202.5
556,2024-02-10,West,Home Office,Jacket,Apparel,3,885.0,564.51,320.49
557,2024-02-11,South,Home Office,Smartphone,Electronics,7,256.77,217.64,39.13
558,2024-02-12,East,Home Office,Smartphone,Electronics,5,890.69,690.61,200.08
559,2024-02-12,South,Consumer,Backpack,Accessories,1,909.04,678.16,230.88
560,2024-02-13,North,Consumer,Shoes,Apparel,2,846.04,378.16,467.88
561,2024-02-14,North,Corporate,Coffee Maker,Home,3,350.79,248.83,101.96
562,2024-02-14,East,Corporate,Jacket,Apparel,3,150.98,115.3,35.68
563,2024-02-15,East,Home Office,Smartphone,Electronics,2,1045.35,738.84,306.51
564,2024-02-16,West,Corporate,Headphones,Electronics,8,305.83,188.15,117.68
565,2024-02-17,North,Home Office,Watch,Accessories,8,269.11,212.2,56.91
566,2024-02-17,North,Consumer,Coffee Maker,Home,7,334.08,136.94,197.14
567,2024-02-18,East,Consumer,Laptop,Electronics,3,667.8,333.01,334.79
568,2024-02-19,North,Consumer,Backpack,Accessories,7,511.02,379.09,131.93
569,2024-02-20,South,Corporate,Watch,Accessories,4,1042.98,630.25,412.73
570,2024-02-20,South,Corporate,Shoes,Apparel,4,825.49,420.07,405.42
571,2024-02-21,North,Consumer,Backpack,Accessories,7,968.67,628.3,340.37
572,2024-02-22,West,Corporate,Jacket,Apparel,2,340.26,212.16,128.1
573,2024-02-22,South,Consumer,Jacket,Apparel,9,762.88,323.8,439.08
574,2024-02-23,West,Corporate,Watch,Accessories,6,243.07,182.88,60.19
575,2024-02-24,East,Corporate,Laptop,Electronics,5,93.97,73.08,20.89
576,2024-02-25,North,Consumer,Shoes,Apparel,1,894.27,484.98,409.29
577,2024-02-25,South,Corporate,Smartphone,Electronics,3,339.06,264.2,74.86
578,2024-02-26,South,Home Office,Backpack,Accessories,5,518.41,295.39,223.02
579,2024-02-27,East,Home Office,Laptop,Electronics,9,830.68,516.86,313.82
580,2024-02-28,East,Consumer,Jacket,Apparel,5,817.5,378.18,439.32
581,2024-02-28,South,Home Office,Laptop,Electronics,9,348.56,159.75,188.81
582,2024-02-29,North,Consumer,Coffee Maker,Home,1,337.38,207.13,130.25
583,2024-03-01,South,Consumer,Backpack,Accessories,3,608.31,348.75,259.56
584,2024-03-02,North,Consumer,Watch,Accessories,7,150.95,103.47,47.48
585,2024-03-02,South,Home Office,Laptop,Electronics,2,239.51,155.31,84.2
586,2024-03-03,West,Corporate,Jacket,Apparel,1,457.97,362.43,95.54
587,2024-03-04,West,Consumer,Shoes,Apparel,8,819.82,552.14,267.68
588,2024-03-04,South,Corporate,Jacket,Apparel,5,788.93,577.79,211.14
589,2024-03-05,South,Consumer,Shoes,Apparel,3,861.58,421.87,439.71
590,2024-03-06,West,Consumer,Backpack,Accessories,5,88.55,39.86,48.69
591,2024-03-07,South,Corporate,Headphones,Electronics,6,37.34,21.31,16.03
592,2024-03-07,East,Home Office,Laptop,Electronics,6,166.75,97.74,69.01
593,2024-03-08,East,Home Office,Laptop,Electronics,9,1089.16,566.37,522.79
594,2024-03-09,East,Home Office,Shoes,Apparel,1,69.16,40.04,29.12
595,2024-03-10,West,Consumer,Jacket,Apparel,9,175.19,137.65,37.54
596,2024-03-10,South,Consumer,Headphones,Electronics,9,234.45,139.73,94.72
597,2024-03-11,East,Corporate,Laptop,Electronics,5,892.05,446.44,445.61
598,2024-03-12,North,Consumer,Shoes,Apparel,8,667.09,530.78,136.31
599,2024-03-12,East,Corporate,Laptop,Electronics,4,735.25,390.43,344.82
600,2024-03-13,West,Corporate,Jacket,Apparel,7,97.52,49.02,48.5
601,2024-03-14,East,Home Office,Shoes,Apparel,5,88.26,73.34,14.92
602,2024-03-15,North,Corporate,Jacket,Apparel,9,1189.77,767.42,422.35
603,2024-03-15,West,Consumer,Laptop,Electronics,9,285.95,139.58,146.37
604,2024-03-16,East,Consumer,Headphones,Electronics,8,391.87,205.46,186.41
605,2024-03-17,North,Home Office,Jacket,Apparel,1,1089.58,516.18,573.4
606,2024-03-18,West,Consumer,Laptop,Electronics,9,1137.93,627.91,510.02
607,2024-03-18,East,Consumer,Coffee Maker,Home,8,93.4,43.55,49.85
608,2024-03-19,West,Home Office,Coffee Maker,Home,5,510.46,273.54,236.92
609,2024-03-20,West,Corporate,Coffee Maker,Home,2,109.96,57.58,52.38
610,2024-03-21,West,Home Office,Coffee Maker,Home,6,664.96,395.5,269.46
611,2024-03-21,South,Consumer,Backpack,Accessories,1,587.97,472.7,115.27
612,2024-03-22,North,Corporate,Jacket,Apparel,9,1194.08,760.93,433.15
613,2024-03-23,South,Home Office,Jacket,Apparel,9,771.12,481.34,289.78
614,2024-03-23,North,Home Office,Shoes,Apparel,7,326.26,194.66,131.6
615,2024-03-24,South,Home Office,Coffee Maker,Home,2,754.37,634.83,119.54
616,2024-03-25,West,Corporate,Laptop,Electronics,7,1152.96,731.73,421.23
617,2024-03-26,South,Home Office,Jacket,Apparel,1,210.77,129.54,81.23
618,2024-03-26,South,Corporate,Smartphone,Electronics,6,806.59,381.69,424.9
619,2024-03-27,West,Consumer,Backpack,Accessories,5,608.7,246.8,361.9
620,2024-03-28,North,Home Office,Jacket,Apparel,6,973.53,467.34,506.19
621,2024-03-29,South,Consumer,Backpack,Accessories,4,310.05,180.21,129.84
622,2024-03-29,West,Home Office,Laptop,Electronics,1,201.49,170.37,31.12
623,2024-03-30,North,Consumer,Jacket,Apparel,3,625.01,385.44,239.57
624,2024-03-31,West,Consumer,Smartphone,Electronics,2,1142.1,753.45,388.65
625,2024-03-31,North,Corporate,Backpack,Accessories,4,316.18,206.73,109.45
626,2024-04-01,East,Home Office,Laptop,Electronics,9,303.67,147.65,156.02
627,2024-04-02,West,Corporate,Laptop,Electronics,8,289.86,240.68,49.18
628,2024-04-03,South,Home Office,Backpack,Accessories,8,285.37,169.54,115.83
629,2024-04-03,North,Home Office,Smartphone,Electronics,7,524.45,286.8,237.65
630,2024-04-04,East,Consumer,Watch,Accessories,4,1086.43,848.1,238.33
631,2024-04-05,South,Consumer,Watch,Accessories,8,582.08,363.16,218.92
632,2024-04-06,West,Corporate,Laptop,Electronics,9,368.92,246.15,122.77
633,2024-04-06,East,Consumer,Smartphone,Electronics,3,101.43,83.51,17.92
634,2024-04-07,East,Corporate,Watch,Accessories,8,976.84,758.15,218.69
635,2024-04-08,East,Consumer,Jacket,Apparel,7,792.49,371.06,421.43
636,2024-04-09,East,Home Office,Backpack,Accessories,5,353.32,208.94,144.38
637,2024-04-09,South,Corporate,Coffee Maker,Home,6,647.79,431.23,216.56
638,2024-04-10,North,Corporate,Backpack,Accessories,5,873.29,428.13,445.16
639,2024-04-11,West,Home Office,Backpack,Accessories,4,536.23,427.5,108.73
640,2024-04-11,South,Home Office,Shoes,Apparel,9,385.9,281.43,104.47
641,2024-04-12,West,Corporate,Backpack,Accessories,5,915.7,617.49,298.21
642,2024-04-13,East,Corporate,Laptop,Electronics,6,318.32,166.21,152.11
643,2024-04-14,East,Corporate,Shoes,Apparel,5,1182.13,874.08,308.05
644,2024-04-14,North,Corporate,Jacket,Apparel,2,800.0,348.24,451.76
645,2024-04-15,South,Corporate,Watch,Accessories,6,630.76,328.61,302.15
646,2024-04-16,North,Consumer,Laptop,Electronics,5,446.82,369.58,77.24
647,2024-04-17,East,Home Office,Backpack,Accessories,4,140.97,88.99,51.98
648,2024-04-17,South,Home Office,Laptop,Electronics,7,1120.85,865.72,255.13
649,2024-04-18,West,Home Office,Smartphone,Electronics,9,968.15,440.42,527.73
650,2024-04-19,East,Consumer,Laptop,Electronics,6,56.41,23.88,32.53
651,2024-04-19,East,Home Office,Coffee Maker,Home,1,804.87,378.93,425.94
652,2024-04-20,South,Consumer,Shoes,Apparel,1,811.85,483.78,328.07
653,2024-04-21,South,Corporate,Smartphone,Electronics,1,589.35,370.11,219.24
654,2024-04-22,West,Corporate,Smartphone,Electronics,1,942.96,429.96,513.0
655,2024-04-22,South,Home Office,Coffee Maker,Home,3,1015.07,450.57,564.5
656,2024-04-23,North,Consumer,Coffee Maker,Home,1,664.79,555.21,109.58
657,2024-04-24,East,Corporate,Backpack,Accessories,3,867.78,683.97,183.81
658,2024-04-25,West,Consumer,Smartphone,Electronics,4,487.93,224.09,263.84
659,2024-04-25,South,Corporate,Watch,Accessories,3,385.55,204.54,181.01
660,2024-04-26,South,Home Office,Laptop,Electronics,3,960.08,492.24,467.84
661,2024-04-27,West,Consumer,Headphones,Electronics,1,1002.74,809.95,192.79
662,2024-04-28,North,Consumer,Shoes,Apparel,6,359.41,193.38,166.03
663,2024-04-28,East,Corporate,Laptop,Electronics,8,528.04,419.84,108.2
664,2024-04-29,East,Home Office,Smartphone,Electronics,6,439.91,192.58,247.33
665,2024-04-30,North,Consumer,Backpack,Accessories,4,105.09,51.75,53.34
666,2024-04-30,North,Home Office,Coffee Maker,Home,6,885.51,400.5,485.01
667,2024-05-01,West,Home Office,Backpack,Accessories,9,139.62,73.31,66.31
668,2024-05-02,West,Consumer,Laptop,Electronics,2,33.55,20.22,13.33
669,2024-05-03,East,Consumer,Coffee Maker,Home,2,666.39,560.12,106.27
670,2024-05-03,East,Home Office,Headphones,Electronics,3,706.98,347.83,359.15
671,2024-05-04,West,Corporate,Headphones,Electronics,6,629.81,461.7,168.11
672,2024-05-05,North,Consumer,Coffee Maker,Home,6,189.85,126.8,63.05
673,2024-05-06,South,Home Office,Shoes,Apparel,4,370.8,163.68,207.12
674,2024-05-06,West,Corporate,Smartphone,Electronics,3,785.24,408.58,376.66
675,2024-05-07,East,Corporate,Coffee Maker,Home,9,316.05,222.57,93.48
676,2024-05-08,East,Consumer,Smartphone,Electronics,3,339.89,227.37,112.52
677,2024-05-08,North,Corporate,Headphones,Electronics,3,549.92,371.48,178.44
678,2024-05-09,South,Corporate,Jacket,Apparel,9,27.88,20.84,7.04
679,2024-05-10,South,Home Office,Backpack,Accessories,1,501.62,204.12,297.5
680,2024-05-11,South,Consumer,Laptop,Electronics,6,551.3,458.08,93.22
681,2024-05-11,North,Corporate,Jacket,Apparel,2,804.69,502.22,302.47
682,2024-05-12,East,Home Office,Smartphone,Electronics,4,1070.27,468.71,601.56
683,2024-05-13,North,Consumer,Backpack,Accessories,9,625.02,373.31,251.71
684,2024-05-14,South,Home Office,Laptop,Electronics,1,305.59,220.43,85.16
685,2024-05-14,North,Home Office,Backpack,Accessories,1,1055.41,773.01,282.4
686,2024-05-15,West,Home Office,Laptop,Electronics,2,38.66,16.81,21.85
687,2024-05-16,South,Corporate,Smartphone,Electronics,7,274.11,183.3,90.81
688,2024-05-17,South,Home Office,Headphones,Electronics,8,1064.26,609.27,454.99
689,2024-05-17,North,Home Office,Coffee Maker,Home,8,488.99,308.61,180.38
690,2024-05-18,East,Corporate,Smartphone,Electronics,9,929.48,550.6,378.88
691,2024-05-19,West,Consumer,Watch,Accessories,9,337.25,190.82,146.43
692,2024-05-19,East,Corporate,Headphones,Electronics,6,949.12,573.7,375.42
693,2024-05-20,North,Consumer,Headphones,Electronics,2,609.33,390.44,218.89
694,2024-05-21,West,Consumer,Headphones,Electronics,4,610.09,459.58,150.51
695,2024-05-22,West,Home Office,Coffee Maker,Home,1,613.1,260.74,352.36
696,2024-05-22,East,Consumer,Watch,Accessories,6,861.29,348.97,512.32
697,2024-05-23,East,Corporate,Coffee Maker,Home,5,152.02,96.14,55.88
698,2024-05-24,South,Home Office,Headphones,Electronics,3,1060.39,812.64,247.75
699,2024-05-25,South,Home Office,Shoes,Apparel,8,361.24,194.86,166.38
700,2024-05-25,North,Corporate,Headphones,Electronics,4,651.95,365.48,286.47
701,2024-05-26,South,Home Office,Jacket,Apparel,5,951.37,512.32,439.05
702,2024-05-27,West,Home Office,Shoes,Apparel,1,766.02,435.16,330.86
703,2024-05-27,North,Consumer,Laptop,Electronics,3,141.03,81.34,59.69
704,2024-05-28,West,Home Office,Watch,Accessories,1,248.76,195.64,53.12
705,2024-05-29,East,Home Office,Shoes,Apparel,6,1033.34,761.32,272.02
706,2024-05-30,East,Corporate,Laptop,Electronics,4,209.23,147.12,62.11
707,2024-05-30,North,Consumer,Watch,Accessories,2,597.46,354.49,242.97
708,2024-05-31,West,Corporate,Backpack,Accessories,1,884.23,558.59,325.64
709,2024-06-01,West,Home Office,Coffee Maker,Home,3,42.57,20.2,22.37
710,2024-06-02,North,Corporate,Shoes,Apparel,7,159.73,79.12,80.61
711,2024-06-02,West,Home Office,Watch,Accessories,8,307.6,160.08,147.52
712,2024-06-03,East,Corporate,Jacket,Apparel,1,1183.77,694.44,489.33
713,2024-06-04,West,Consumer,Smartphone,Electronics,2,821.19,480.67,340.52
714,2024-06-05,West,Consumer,Headphones,Electronics,1,506.11,400.71,105.4
715,2024-06-05,South,Corporate,Backpack,Accessories,1,158.3,87.34,70.96
716,2024-06-06,North,Home Office,Watch,Accessories,1,154.86,115.24,39.62
717,2024-06-07,East,Home Office,Watch,Accessories,9,514.74,210.09,304.65
718,2024-06-07,East,Home Office,Smartphone,Electronics,9,579.62,378.09,201.53
719,2024-06-08,East,Consumer,Coffee Maker,Home,9,873.66,560.06,313.6
720,2024-06-09,North,Corporate,Coffee Maker,Home,9,1015.12,627.64,387.48
721,2024-06-10,West,Consumer,Watch,Accessories,3,552.53,266.62,285.91
722,2024-06-10,South,Corporate,Smartphone,Electronics,3,109.33,62.81,46.52
723,2024-06-11,West,Corporate,Jacket,Apparel,9,260.1,111.88,148.22
724,2024-06-12,East,Consumer,Jacket,Apparel,2,1162.32,499.74,662.58
725,2024-06-13,South,Consumer,Headphones,Electronics,3,625.77,528.87,96.9
726,2024-06-13,South,Home Office,Smartphone,Electronics,7,102.6,74.71,27.89
727,2024-06-14,North,Corporate,Coffee Maker,Home,2,461.89,261.55,200.34
728,2024-06-15,North,Corporate,Coffee Maker,Home,8,1013.94,575.88,438.06
729,2024-06-15,East,Corporate,Watch,Accessories,5,77.42,51.21,26.21
730,2024-06-16,West,Consumer,Jacket,Apparel,3,907.06,690.59,216.47
731,2024-06-17,North,Home Office,Backpack,Accessories,9,264.55,190.73,73.82
732,2024-06-18,East,Home Office,Watch,Accessories,3,1070.68,789.62,281.06
733,2024-06-18,East,Consumer,Backpack,Accessories,6,791.88,633.59,158.29
734,2024-06-19,East,Home Office,Coffee Maker,Home,6,204.64,125.5,79.14
735,2024-06-20,South,Consumer,Jacket,Apparel,2,258.66,139.99,118.67
736,2024-06-21,North,Home Office,Coffee Maker,Home,1,1044.99,758.62,286.37
737,2024-06-21,West,Home Office,Headphones,Electronics,2,841.46,481.53,359.93
738,2024-06-22,West,Consumer,Coffee Maker,Home,3,959.56,501.25,458.31
739,2024-06-23,West,Consumer,Coffee Maker,Home,5,902.91,452.6,450.31
740,2024-06-24,North,Corporate,Headphones,Electronics,7,348.58,242.13,106.45
741,2024-06-24,North,Home Office,Backpack,Accessories,6,981.63,736.33,245.3
742,2024-06-25,South,Consumer,Jacket,Apparel,8,124.29,88.81,35.48
743,2024-06-26,East,Consumer,Laptop,Electronics,3,567.51,294.43,273.08
744,2024-06-26,West,Corporate,Watch,Accessories,9,677.66,282.95,394.71
745,2024-06-27,North,Consumer,Jacket,Apparel,7,257.26,162.43,94.83
746,2024-06-28,South,Home Office,Jacket,Apparel,1,806.79,356.96,449.83
747,2024-06-29,North,Home Office,Coffee Maker,Home,3,854.07,713.38,140.69
748,2024-06-29,South,Consumer,Backpack,Accessories,1,569.67,374.29,195.38
749,2024-06-30,North,Corporate,Smartphone,Electronics,5,46.46,26.12,20.34
750,2024-07-01,South,Corporate,Smartphone,Electronics,1,38.58,15.73,22.85
751,2024-07-02,South,Home Office,Jacket,Apparel,3,384.57,176.78,207.79
752,2024-07-02,West,Home Office,Smartphone,Electronics,9,757.04,597.3,159.74
753,2024-07-03,North,Corporate,Shoes,Apparel,9,1189.0,880.49,308.51
754,2024-07-04,North,Corporate,Shoes,Apparel,2,691.99,547.22,144.77
755,2024-07-04,East,Home Office,Watch,Accessories,5,749.86,513.57,236.29
756,2024-07-05,West,Corporate,Shoes,Apparel,9,603.09,474.92,128.17
757,2024-07-06,West,Home Office,Coffee Maker,Home,7,82.95,50.16,32.79
758,2024-07-07,East,Consumer,Coffee Maker,Home,7,460.28,379.16,81.12
759,2024-07-07,West,Corporate,Laptop,Electronics,6,780.22,654.15,126.07
760,2024-07-08,East,Home Office,Smartphone,Electronics,8,902.4,689.99,212.41
761,2024-07-09,East,Consumer,Shoes,Apparel,2,69.96,46.23,23.73
762,2024-07-10,North,Home Office,Shoes,Apparel,8,828.77,340.82,487.95
763,2024-07-10,South,Corporate,Coffee Maker,Home,2,829.13,671.26,157.87
764,2024-07-11,West,Corporate,Backpack,Accessories,8,1003.87,691.83,312.04
765,2024-07-12,South,Consumer,Shoes,Apparel,8,438.81,185.79,253.02
766,2024-07-13,South,Home Office,Headphones,Electronics,7,119.79,80.63,39.16
767,2024-07-13,South,Home Office,Jacket,Apparel,5,1038.34,829.37,208.97
768,2024-07-14,North,Home Office,Watch,Accessories,4,358.09,272.57,85.52
769,2024-07-15,North,Consumer,Backpack,Accessories,8,1078.89,733.84,345.05
770,2024-07-15,South,Home Office,Watch,Accessories,5,1019.92,436.6,583.32
771,2024-07-16,West,Corporate,Watch,Accessories,3,487.23,341.64,145.59
772,2024-07-17,South,Corporate,Coffee Maker,Home,2,475.01,205.19,269.82
773,2024-07-18,West,Home Office,Smartphone,Electronics,5,573.55,298.74,274.81
774,2024-07-18,South,Home Office,Shoes,Apparel,8,1168.23,866.45,301.78
775,2024-07-19,West,Corporate,Smartphone,Electronics,7,404.98,216.55,188.43
776,2024-07-20,South,Consumer,Shoes,Apparel,6,439.28,308.94,130.34
777,2024-07-21,North,Home Office,Shoes,Apparel,8,193.37,107.16,86.21
778,2024-07-21,North,Corporate,Watch,Accessories,5,136.33,105.41,30.92
779,2024-07-22,West,Home Office,Jacket,Apparel,7,705.22,442.51,262.71
780,2024-07-23,West,Consumer,Laptop,Electronics,7,541.26,456.23,85.03
781,2024-07-23,West,Consumer,Headphones,Electronics,9,352.66,198.8,153.86
782,2024-07-24,East,Home Office,Jacket,Apparel,7,665.74,563.41,102.33
783,2024-07-25,South,Corporate,Watch,Accessories,5,683.82,508.98,174.84
784,2024-07-26,South,Corporate,Headphones,Electronics,3,575.62,400.19,175.43
785,2024-07-26,West,Home Office,Shoes,Apparel,7,446.46,351.32,95.14
786,2024-07-27,South,Consumer,Shoes,Apparel,1,511.05,322.59,188.46
787,2024-07-28,East,Corporate,Laptop,Electronics,6,227.08,148.85,78.23
788,2024-07-29,East,Home Office,Shoes,Apparel,6,1164.88,954.67,210.21
789,2024-07-29,West,Home Office,Watch,Accessories,3,693.64,335.29,358.35
790,2024-07-30,South,Consumer,Backpack,Accessories,6,499.74,403.01,96.73
791,2024-07-31,West,Corporate,Jacket,Apparel,3,679.34,385.2,294.14
792,2024-08-01,East,Home Office,Headphones,Electronics,5,453.52,199.17,254.35
793,2024-08-01,North,Corporate,Coffee Maker,Home,5,1186.46,488.06,698.4
794,2024-08-02,South,Consumer,Headphones,Electronics,2,635.9,422.89,213.01
795,2024-08-03,West,Consumer,Laptop,Electronics,1,760.25,560.78,199.47
796,2024-08-03,South,Corporate,Watch,Accessories,7,255.42,135.95,119.47
797,2024-08-04,North,Home Office,Coffee Maker,Home,7,739.73,603.65,136.08
798,2024-08-05,South,Home Office,Backpack,Accessories,2,570.23,423.26,146.97
799,2024-08-06,North,Consumer,Coffee Maker,Home,2,527.38,352.61,174.77
800,2024-08-06,North,Consumer,Backpack,Accessories,5,855.58,525.38,330.2
801,2024-08-07,South,Home Office,Jacket,Apparel,9,421.69,265.56,156.13
802,2024-08-08,North,Corporate,Shoes,Apparel,1,621.63,388.88,232.75
803,2024-08-09,East,Home Office,Laptop,Electronics,2,537.05,417.63,119.42
804,2024-08-09,East,Consumer,Jacket,Apparel,9,300.22,126.79,173.43
805,2024-08-10,South,Consumer,Laptop,Electronics,8,243.18,198.21,44.97
806,2024-08-11,North,Home Office,Headphones,Electronics,1,482.67,356.14,126.53
807,2024-08-11,East,Home Office,Laptop,Electronics,8,299.58,211.15,88.43
808,2024-08-12,East,Home Office,Coffee Maker,Home,6,451.75,245.36,206.39
809,2024-08-13,North,Consumer,Jacket,Apparel,5,934.79,472.53,462.26
810,2024-08-14,North,Home Office,Smartphone,Electronics,1,366.66,153.51,213.15
811,2024-08-14,West,Corporate,Coffee Maker,Home,7,820.63,445.52,375.11
812,2024-08-15,West,Consumer,Backpack,Accessories,4,1064.13,779.56,284.57
813,2024-08-16,East,Consumer,Headphones,Electronics,4,557.63,393.21,164.42
814,2024-08-17,South,Home Office,Watch,Accessories,8,534.06,404.56,129.5
815,2024-08-17,West,Consumer,Jacket,Apparel,8,542.5,280.73,261.77
816,2024-08-18,South,Home Office,Jacket,Apparel,9,459.56,375.87,83.69
817,2024-08-19,South,Home Office,Watch,Accessories,9,212.09,141.64,70.45
818,2024-08-20,West,Corporate,Watch,Accessories,9,611.79,312.62,299.17
819,2024-08-20,North,Home Office,Headphones,Electronics,8,784.07,409.97,374.1
820,2024-08-21,East,Home Office,Backpack,Accessories,3,155.46,128.05,27.41
821,2024-08-22,North,Corporate,Shoes,Apparel,7,1040.66,533.08,507.58
822,2024-08-22,South,Home Office,Watch,Accessories,7,440.99,326.71,114.28
823,2024-08-23,West,Home Office,Jacket,Apparel,5,340.53,165.42,175.11
824,2024-08-24,East,Corporate,Laptop,Electronics,1,1038.5,799.77,238.73
825,2024-08-25,West,Corporate,Shoes,Apparel,4,359.78,223.7,136.08
826,2024-08-25,East,Corporate,Watch,Accessories,5,531.94,252.13,279.81
827,2024-08-26,North,Home Office,Coffee Maker,Home,4,1084.85,601.85,483.0
828,2024-08-27,West,Home Office,Smartphone,Electronics,3,1119.23,861.18,258.05
829,2024-08-28,East,Home Office,Jacket,Apparel,5,491.43,268.84,222.59
830,2024-08-28,South,Home Office,Headphones,Electronics,6,700.69,426.57,274.12
831,2024-08-29,West,Consumer,Backpack,Accessories,8,287.0,230.48,56.52
832,2024-08-30,South,Home Office,Shoes,Apparel,8,747.99,589.83,158.16
833,2024-08-30,South,Corporate,Watch,Accessories,9,682.28,348.52,333.76
834,2024-08-31,North,Corporate,Watch,Accessories,7,1164.27,691.64,472.63
835,2024-09-01,North,Corporate,Watch,Accessories,8,82.26,58.52,23.74
836,2024-09-02,North,Corporate,Backpack,Accessories,6,744.48,382.5,361.98
837,2024-09-02,West,Home Office,Headphones,Electronics,8,991.79,763.0,228.79
838,2024-09-03,West,Consumer,Coffee Maker,Home,1,970.74,531.66,439.08
839,2024-09-04,West,Home Office,Coffee Maker,Home,8,570.7,352.1,218.6
840,2024-09-05,East,Consumer,Backpack,Accessories,5,700.24,520.17,180.07
841,2024-09-05,West,Corporate,Jacket,Apparel,1,1120.41,507.98,612.43
842,2024-09-06,East,Corporate,Watch,Accessories,4,647.26,268.42,378.84
843,2024-09-07,West,Consumer,Coffee Maker,Home,9,210.24,146.2,64.04
844,2024-09-08,South,Home Office,Coffee Maker,Home,3,1016.94,509.28,507.66
845,2024-09-08,East,Home Office,Watch,Accessories,3,1127.41,786.71,340.7
846,2024-09-09,South,Consumer,Shoes,Apparel,1,669.78,389.44,280.34
847,2024-09-10,South,Consumer,Watch,Accessories,6,321.3,143.83,177.47
848,2024-09-10,North,Home Office,Headphones,Electronics,4,654.58,343.75,310.83
849,2024-09-11,West,Consumer,Jacket,Apparel,2,205.04,158.35,46.69
850,2024-09-12,North,Home Office,Watch,Accessories,9,132.96,72.19,60.77
851,2024-09-13,South,Home Office,Watch,Accessories,7,280.13,223.76,56.37
852,2024-09-13,West,Corporate,Headphones,Electronics,6,393.57,208.03,185.54
853,2024-09-14,North,Corporate,Headphones,Electronics,7,70.8,53.2,17.6
854,2024-09-15,East,Corporate,Backpack,Accessories,4,29.51,24.33,5.18
855,2024-09-16,West,Home Office,Backpack,Accessories,8,1099.77,564.21,535.56
856,2024-09-16,South,Corporate,Headphones,Electronics,8,626.63,337.63,289.0
857,2024-09-17,North,Consumer,Smartphone,Electronics,4,680.1,525.59,154.51
858,2024-09-18,East,Corporate,Watch,Accessories,8,486.28,353.9,132.38
859,2024-09-18,West,Home Office,Coffee Maker,Home,3,539.88,248.12,291.76
860,2024-09-19,East,Corporate,Laptop,Electronics,1,732.16,510.15,222.01
861,2024-09-20,North,Consumer,Smartphone,Electronics,5,1127.47,542.91,584.56
862,2024-09-21,East,Corporate,Watch,Accessories,8,606.34,492.73,113.61
863,2024-09-21,West,Consumer,Jacket,Apparel,7,541.86,411.13,130.73
864,2024-09-22,South,Corporate,Watch,Accessories,3,39.58,27.62,11.96
865,2024-09-23,East,Home Office,Smartphone,Electronics,7,47.98,37.22,10.76
866,2024-09-24,South,Consumer,Laptop,Electronics,2,293.14,231.81,61.33
867,2024-09-24,North,Corporate,Coffee Maker,Home,3,272.16,160.3,111.86
868,2024-09-25,East,Home Office,Backpack,Accessories,4,882.77,729.2,153.57
869,2024-09-26,North,Home Office,Watch,Accessories,8,27.38,11.71,15.67
870,2024-09-27,North,Consumer,Watch,Accessories,1,175.72,110.87,64.85
871,2024-09-27,East,Consumer,Watch,Accessories,4,284.7,142.84,141.86
872,2024-09-28,East,Corporate,Shoes,Apparel,7,79.66,54.32,25.34
873,2024-09-29,South,Consumer,Jacket,Apparel,5,411.76,287.51,124.25
874,2024-09-29,West,Home Office,Backpack,Accessories,5,414.59,239.45,175.14
875,2024-09-30,East,Consumer,Jacket,Apparel,6,369.74,299.44,70.3
876,2024-10-01,South,Corporate,Watch,Accessories,5,446.07,260.42,185.65
877,2024-10-02,North,Corporate,Coffee Maker,Home,6,60.91,35.11,25.8
878,2024-10-02,North,Consumer,Backpack,Accessories,7,426.88,235.55,191.33
879,2024-10-03,North,Home Office,Smartphone,Electronics,9,505.34,256.83,248.51
880,2024-10-04,West,Consumer,Shoes,Apparel,4,814.25,627.75,186.5
881,2024-10-05,West,Consumer,Watch,Accessories,2,890.78,500.81,389.97
882,2024-10-05,North,Home Office,Backpack,Accessories,3,1191.25,560.23,631.02
883,2024-10-06,North,Consumer,Laptop,Electronics,2,618.36,424.85,193.51
884,2024-10-07,South,Consumer,Smartphone,Electronics,7,505.2,299.26,205.94
885,2024-10-07,North,Home Office,Backpack,Accessories,5,526.95,276.92,250.03
886,2024-10-08,South,Home Office,Shoes,Apparel,1,731.77,465.13,266.64
887,2024-10-09,North,Consumer,Laptop,Electronics,7,600.83,293.06,307.77
888,2024-10-10,North,Corporate,Headphones,Electronics,8,730.91,460.65,270.26
889,2024-10-10,South,Home Office,Headphones,Electronics,1,815.13,636.7,178.43
890,2024-10-11,South,Corporate,Coffee Maker,Home,4,731.72,517.43,214.29
891,2024-10-12,West,Corporate,Coffee Maker,Home,8,189.21,77.25,111.96
892,2024-10-13,West,Home Office,Laptop,Electronics,5,757.89,557.95,199.94
893,2024-10-13,South,Corporate,Coffee Maker,Home,9,174.55,117.42,57.13
894,2024-10-14,West,Consumer,Jacket,Apparel,9,422.76,260.14,162.62
895,2024-10-15,South,Home Office,Headphones,Electronics,2,116.29,60.05,56.24
896,2024-10-16,West,Home Office,Laptop,Electronics,2,813.96,590.87,223.09
897,2024-10-16,North,Consumer,Watch,Accessories,4,970.52,561.98,408.54
898,2024-10-17,West,Corporate,Backpack,Accessories,5,49.13,27.67,21.46
899,2024-10-18,West,Corporate,Headphones,Electronics,8,170.43,129.54,40.89
900,2024-10-18,West,Home Office,Coffee Maker,Home,4,863.37,459.32,404.05
901,2024-10-19,South,Corporate,Jacket,Apparel,6,954.79,672.52,282.27
902,2024-10-20,South,Home Office,Smartphone,Electronics,5,319.29,236.39,82.9
903,2024-10-21,North,Home Office,Shoes,Apparel,6,404.47,185.04,219.43
904,2024-10-21,West,Consumer,Shoes,Apparel,7,401.77,280.95,120.82
905,2024-10-22,East,Corporate,Coffee Maker,Home,2,178.8,79.12,99.68
906,2024-10-23,South,Home Office,Backpack,Accessories,1,142.05,82.52,59.53
907,2024-10-24,North,Corporate,Backpack,Accessories,6,860.32,482.18,378.14
908,2024-10-24,North,Home Office,Coffee Maker,Home,5,657.55,514.87,142.68
909,2024-10-25,North,Corporate,Laptop,Electronics,2,672.67,514.94,157.73
910,2024-10-26,South,Home Office,Backpack,Accessories,1,1186.83,595.29,591.54
911,2024-10-26,North,Home Office,Shoes,Apparel,6,182.86,79.81,103.05
912,2024-10-27,South,Home Office,Jacket,Apparel,4,497.58,218.66,278.92
913,2024-10-28,East,Home Office,Coffee Maker,Home,1,567.3,308.62,258.68
914,2024-10-29,South,Consumer,Laptop,Electronics,3,597.06,469.77,127.29
915,2024-10-29,North,Consumer,Laptop,Electronics,4,766.23,350.74,415.49
916,2024-10-30,North,Corporate,Laptop,Electronics,9,968.83,573.23,395.6
917,2024-10-31,East,Corporate,Coffee Maker,Home,3,382.89,237.94,144.95
918,2024-11-01,South,Home Office,Jacket,Apparel,7,168.15,140.16,27.99
919,2024-11-01,South,Home Office,Smartphone,Electronics,7,347.86,259.91,87.95
920,2024-11-02,West,Home Office,Smartphone,Electronics,6,710.99,458.56,252.43
921,2024-11-03,West,Corporate,Headphones,Electronics,1,607.79,431.65,176.14
922,2024-11-04,South,Home Office,Headphones,Electronics,4,201.63,169.3,32.33
923,2024-11-04,North,Consumer,Coffee Maker,Home,4,1074.49,465.89,608.6
924,2024-11-05,South,Home Office,Laptop,Electronics,3,846.51,632.09,214.42
925,2024-11-06,South,Consumer,Backpack,Accessories,9,645.06,470.62,174.44
926,2024-11-06,West,Home Office,Backpack,Accessories,1,848.49,465.91,382.58
927,2024-11-07,West,Consumer,Watch,Accessories,7,555.94,325.52,230.42
928,2024-11-08,North,Consumer,Backpack,Accessories,9,162.13,107.5,54.63
929,2024-11-09,West,Corporate,Coffee Maker,Home,3,570.74,248.0,322.74
930,2024-11-09,West,Corporate,Coffee Maker,Home,4,609.18,272.82,336.36
931,2024-11-10,East,Home Office,Backpack,Accessories,6,1049.73,633.45,416.28
932,2024-11-11,West,Corporate,Headphones,Electronics,6,744.5,504.32,240.18
933,2024-11-12,West,Consumer,Jacket,Apparel,2,980.19,806.92,173.27
934,2024-11-12,North,Consumer,Laptop,Electronics,2,198.69,122.16,76.53
935,2024-11-13,South,Consumer,Coffee Maker,Home,2,1044.44,557.54,486.9
936,2024-11-14,West,Consumer,Shoes,Apparel,7,886.55,437.93,448.62
937,2024-11-14,South,Consumer,Coffee Maker,Home,8,449.1,199.57,249.53
938,2024-11-15,North,Home Office,Smartphone,Electronics,9,368.65,235.38,133.27
939,2024-11-16,North,Home Office,Headphones,Electronics,4,223.06,177.43,45.63
940,2024-11-17,West,Home Office,Backpack,Accessories,9,115.13,94.73,20.4
941,2024-11-17,West,Corporate,Shoes,Apparel,4,256.91,139.18,117.73
942,2024-11-18,East,Consumer,Headphones,Electronics,7,382.23,186.47,195.76
943,2024-11-19,South,Corporate,Headphones,Electronics,3,229.04,166.04,63.0
944,2024-11-20,West,Consumer,Backpack,Accessories,1,518.73,439.9,78.83
945,2024-11-20,North,Home Office,Headphones,Electronics,9,975.42,807.39,168.03
946,2024-11-21,East,Home Office,Coffee Maker,Home,5,121.64,93.23,28.41
947,2024-11-22,South,Corporate,Watch,Accessories,2,740.25,304.13,436.12
948,2024-11-23,West,Consumer,Smartphone,Electronics,1,243.35,147.64,95.71
949,2024-11-23,South,Home Office,Shoes,Apparel,2,77.07,59.28,17.79
950,2024-11-24,West,Corporate,Shoes,Apparel,6,436.66,331.82,104.84
951,2024-11-25,North,Home Office,Headphones,Electronics,7,945.6,632.94,312.66
952,2024-11-25,East,Consumer,Shoes,Apparel,6,509.85,207.23,302.62
953,2024-11-26,East,Home Office,Jacket,Apparel,7,993.33,749.45,243.88
954,2024-11-27,North,Home Office,Headphones,Electronics,3,114.52,68.58,45.94
955,2024-11-28,West,Home Office,Headphones,Electronics,6,258.71,148.5,110.21
956,2024-11-28,South,Home Office,Backpack,Accessories,4,1143.85,912.34,231.51
957,2024-11-29,East,Home Office,Watch,Accessories,3,616.72,263.91,352.81
958,2024-11-30,East,Consumer,Jacket,Apparel,7,258.17,133.25,124.92
959,2024-12-01,West,Consumer,Watch,Accessories,5,937.82,722.17,215.65
960,2024-12-01,West,Consumer,Shoes,Apparel,9,73.79,60.93,12.86
961,2024-12-02,West,Corporate,Headphones,Electronics,9,220.47,100.78,119.69
962,2024-12-03,North,Consumer,Shoes,Apparel,9,442.6,374.12,68.48
963,2024-12-03,South,Corporate,Headphones,Electronics,9,1115.1,491.77,623.33
964,2024-12-04,North,Consumer,Shoes,Apparel,8,777.35,454.64,322.71
965,2024-12-05,West,Consumer,Jacket,Apparel,2,48.33,26.63,21.7
966,2024-12-06,South,Home Office,Jacket,Apparel,5,1148.93,769.45,379.48
967,2024-12-06,West,Corporate,Laptop,Electronics,7,80.15,54.33,25.82
968,2024-12-07,North,Consumer,Backpack,Accessories,2,580.61,473.25,107.36
969,2024-12-08,North,Home Office,Watch,Accessories,5,432.93,325.6,107.33
970,2024-12-09,South,Consumer,Headphones,Electronics,1,1051.68,813.77,237.91
971,2024-12-09,South,Corporate,Smartphone,Electronics,3,892.83,603.13,289.7
972,2024-12-10,South,Home Office,Headphones,Electronics,1,976.35,510.33,466.02
973,2024-12-11,West,Consumer,Smartphone,Electronics,5,635.82,273.78,362.04
974,2024-12-12,South,Corporate,Headphones,Electronics,7,1070.36,742.32,328.04
975,2024-12-12,South,Home Office,Shoes,Apparel,8,1195.9,551.13,644.77
976,2024-12-13,West,Consumer,Shoes,Apparel,9,881.6,579.48,302.12
977,2024-12-14,South,Home Office,Laptop,Electronics,7,265.81,148.84,116.97
978,2024-12-14,North,Home Office,Jacket,Apparel,1,442.22,295.05,147.17
979,2024-12-15,East,Corporate,Backpack,Accessories,8,576.65,374.28,202.37
980,2024-12-16,North,Corporate,Smartphone,Electronics,4,996.45,512.72,483.73
981,2024-12-17,East,Consumer,Smartphone,Electronics,5,328.17,233.9,94.27
982,2024-12-17,East,Home Office,Headphones,Electronics,4,625.55,286.96,338.59
983,2024-12-18,South,Consumer,Backpack,Accessories,2,1096.11,468.5,627.61
984,2024-12-19,North,Consumer,Laptop,Electronics,6,396.47,232.72,163.75
985,2024-12-20,South,Home Office,Coffee Maker,Home,7,48.26,32.0,16.26
986,2024-12-20,West,Consumer,Backpack,Accessories,4,576.55,254.34,322.21
987,2024-12-21,East,Consumer,Backpack,Accessories,1,167.94,86.34,81.6
988,2024-12-22,South,Corporate,Shoes,Apparel,3,163.6,108.74,54.86
989,2024-12-22,North,Consumer,Watch,Accessories,1,527.01,388.64,138.37
990,2024-12-23,South,Home Office,Headphones,Electronics,2,233.33,121.56,111.77
991,2024-12-24,East,Corporate,Headphones,Electronics,6,534.47,356.66,177.81
992,2024-12-25,North,Corporate,Jacket,Apparel,9,1001.22,480.38,520.84
993,2024-12-25,East,Consumer,Shoes,Apparel,4,703.19,285.9,417.29
994,2024-12-26,West,Consumer,Watch,Accessories,3,1038.91,559.93,478.98
995,2024-12-27,South,Home Office,Laptop,Electronics,2,1065.68,646.16,419.52
996,2024-12-28,West,Consumer,Watch,Accessories,9,821.3,672.88,148.42
997,2024-12-28,South,Consumer,Jacket,Apparel,5,773.42,420.65,352.77
998,2024-12-29,East,Consumer,Smartphone,Electronics,5,280.37,129.57,150.8
999,2024-12-30,North,Corporate,Headphones,Electronics,6,1095.84,458.2,637.64
1000,2024-12-31,South,Home Office,Jacket,Apparel,5,1119.4,760.26,359.14
